error_bucket,samples,mean_actual,mean_predicted,mean_absolute_error,percentage
0-5,66427,67.3383413371069,67.37603874040309,0.9202187047118788,26.233334386452672
5-10,20389,215.17744862425818,215.18756251979804,7.420061999297668,8.05201882977379
10-20,32568,253.650577253746,253.8566625169997,14.736247352829315,12.8617464931126
20-50,58934,341.6447381816948,343.9666036972954,33.08993298381598,23.27420068242133
50-100,38198,525.9050735640609,529.9517038207205,70.43090272912893,15.085144698597244
100-200,22248,843.3488852930601,843.0179174279092,138.48643942976162,8.78617464931126
200-500,11327,1440.5004855654631,1413.4392159726972,296.77284387123825,4.473256034373815
500-1000,2323,2575.843736547568,2420.1978365819577,669.2148331843191,0.9173985846076078
1000+,802,4532.321695760598,3479.0052835620095,1812.4120367756366,0.31672564134967773
