gate_id,samples,actual_mean,predicted_mean,MAE,RMSE,R2,MAPE,WAPE,bias,median_absolute_error,max_absolute_error
0,69964,730.0478388885713,720.6826982200546,100.16088147196801,283.84232744824067,0.9318568838323527,20.74291764430246,13.719769600914574,-9.365140668516606,38.118111474280596,17638.159321122883
10,432,381.3587962962963,371.27334315149386,49.10518513955985,80.50518214306959,0.9248841431633359,16.134098594816802,12.876374064650559,-10.08545314480241,28.7133740055352,522.4162298215264
1,69964,300.7437968097879,297.62764014288666,47.32428627572865,99.14403038931619,0.9284952640631219,23.737641289827096,15.73574809446858,-3.1161566669012317,22.51357747525681,3435.6710887928753
9,1048,271.32251908396944,265.7384776651561,41.60604570665373,73.89549066725742,0.9170692205461211,20.53445916146718,15.334534651647328,-5.584041418813327,21.49784570764502,660.6440047105964
6,6356,258.5673379483952,254.1996332470857,41.447355517532024,106.92015514853591,0.9079564483853252,22.667084970037184,16.029617602283576,-4.367704701309506,18.91376804032504,3538.3012604238943
4,17684,272.0174168740104,269.1943718064567,40.486611658055416,95.11687017887355,0.9547703908799001,23.4221626768193,14.883830647067537,-2.8230450675537027,16.505565331479247,2146.273698346686
3,27546,280.29746605677775,277.827712551239,40.174377153945606,84.28148556274547,0.9468766969065184,28.835490225820553,14.332765015366848,-2.4697535055387485,17.24321373683229,2198.390872935501
8,1230,263.02682926829266,261.4028756574899,39.88774514948186,70.77605447198724,0.94407005864874,21.63751367909973,15.164896014769486,-1.623953610802799,20.797111690738888,622.8393903795825
2,43777,258.7157639856546,255.76562146028817,38.78760207618156,91.85849823532043,0.9431036528600095,27.088951270153828,14.992361299766904,-2.950142525366386,14.946147768477434,4182.492073204362
5,11286,250.5903774587985,246.02602339768177,38.58223486406469,75.71332923066382,0.9317576141528964,21.599626917178377,15.39653487708573,-4.5643540611167595,19.10689242083707,1438.6562316093184
7,3643,221.77134230030194,220.67928027235223,34.50109486048776,66.1513564096739,0.9545938105919273,27.5880867350707,15.55705732879121,-1.0920620279497215,17.032431407813604,863.2305765236049
11,143,81.48251748251748,67.90298200871443,28.609780904941374,34.9024422993628,0.7141639991276215,41.350708701432296,35.1115574099435,-13.579535473803054,25.031690293580674,102.76596758327184
12,143,20.20979020979021,8.78420407895549,12.01550076531804,18.288365138684174,-0.18300129299233547,51.463660260942554,59.4538619183557,-11.425586130834722,7.512722258909824,92.08368843821987
