samples,actual_mean,predicted_mean,MAE,RMSE,R2,MAPE,WAPE,bias,median_absolute_error,max_absolute_error,month,month_number
26279,444.4746375432855,427.02462368099884,77.36236982731874,295.02256187920284,0.8496911081499964,26.250303325301772,17.40535078782414,-17.450013862286678,26.854009383106757,17638.159321122883,January,1
24276,323.2104135771956,323.76564368594865,42.51451676540307,102.8361007003796,0.9617513242893014,21.41762946519143,13.153820229634682,0.5552301087530722,18.085888126752092,3678.7137663857166,February,2
27609,340.6748161831287,339.06322489353335,52.31340348978578,126.84316332055744,0.9479499056916847,24.628729395913915,15.355817631575347,-1.611591289595365,21.466679703415366,4805.434661105394,March,3
26857,349.2493204751089,345.39534162757917,43.5197252301889,110.39421154546145,0.963392010457062,20.71428950218915,12.460933401670156,-3.8539788475297097,19.013609696248878,6049.398876216158,April,4
28066,406.86171880567235,396.8409716114829,55.86108147910533,180.7812907444186,0.9302719772012014,20.91888618611933,13.72974622510161,-10.020747194189479,21.712835377238747,10144.751709217027,May,5
27723,436.0442592792988,429.5940807335308,52.440500820771774,132.6595537247452,0.9688115944999033,20.95664981715358,12.026416975984572,-6.450178545768,22.366768867286027,6178.820601368633,June,6
22084,408.2263629777214,410.3058579643635,53.46518450998174,137.41295846943945,0.9651712821687418,26.322448105905284,13.096945557359692,2.0794949866420382,21.06275258946134,4120.438801170585,July,7
19607,437.0065792829092,435.4767087719192,100.65314699806463,226.8187147442306,0.8912559561207674,34.594582770979265,23.03240998413066,-1.5298705109898973,39.362184429335244,5167.994164339663,October,10
24813,402.15894893805665,390.01375803234,53.20051239202602,125.456254361908,0.9640390468833602,19.099547823613356,13.228727728801662,-12.14519090571666,22.044904552089065,3510.689308115516,November,11
25902,488.775924639024,493.37801187969274,62.134225332511555,162.12502708041183,0.9618642978299823,26.89952659608352,12.712210688036565,4.602087240668686,24.48592868820259,11339.67119450198,December,12
