store_id,total_absolute_error,percentage_of_total_error
280,478763.35792382405,3.23849373301761
368,386634.2601057027,2.6153058867162553
510,360376.7308564577,2.4376923694935435
320,260835.37882604662,1.7643658932892448
385,236929.90263999425,1.602662342814836
308,236768.9150170213,1.6015733760017699
272,225289.80028925653,1.5239253261015697
364,203658.46423562235,1.3776047167920364
309,199566.44049409454,1.3499250854606728
331,196965.70270524695,1.33233294334911
351,189829.8484059073,1.2840639623469858
343,186813.82833906292,1.2636627308753723
366,184231.51959080537,1.2461952481210232
358,173266.69833005808,1.172026027881244
305,169491.52913238094,1.1464896922669723
354,165902.62666754043,1.122213318671467
346,165059.20083347158,1.1165081425490875
340,157831.04938982142,1.067614836985616
348,154350.02187401004,1.0440681607251268
373,153783.89194529824,1.0402386942551831
294,152080.76008943171,1.0287182181150605
365,150182.22354326252,1.0158759681706693
355,148316.85371724714,1.0032580675077867
352,147523.34269875017,0.9978905296251324
361,146467.85974406786,0.9907509378467042
332,145311.41696520924,0.982928424636487
318,135250.94244359038,0.914876467129267
363,130121.65943768957,0.8801805143280368
324,129721.32367534067,0.877472527519915
292,127900.19303077018,0.8651538734670579
301,125061.84175785175,0.8459544450703019
339,123595.66338549058,0.8360367907807831
293,122911.88109926964,0.8314114897588379
291,122723.75466828859,0.8301389482043022
357,117425.48231230184,0.7942999025950233
304,116341.6399712036,0.7869684797299838
369,114863.46583152346,0.7769696826031065
281,113909.74733972567,0.7705184550652598
314,113395.54913690354,0.7670402697993913
429,112545.23899546938,0.7612885262321779
372,107403.64821332182,0.7265093200750197
302,106014.40451631762,0.7171120741665346
344,101789.43809020208,0.6885331800913491
273,99408.82908042062,0.6724300526666118
307,95358.26828734034,0.6450308887028472
480,93040.83658706797,0.6293551108601693
336,92539.58902033605,0.6259645274400196
454,92050.56622481452,0.6226566359057406
507,91974.86153027798,0.6221445474704856
316,91457.61737873437,0.6186457585270752
407,91285.28568498552,0.6174800571404315
330,90390.94055795633,0.6114304482029411
321,89412.78443071032,0.6048139174355573
463,88971.39246964222,0.6018282146325645
327,88107.4035495997,0.5959839438531797
334,87958.40258208221,0.5949760582421934
288,85174.57140263505,0.5761454195159668
370,84143.44070276504,0.5691705534277762
322,82099.56868125522,0.5553452123209434
514,80677.89035477072,0.5457285692038659
356,79617.1017099968,0.5385530882041207
388,79457.34661391389,0.5374724585591837
319,79343.26109084934,0.5367007511063101
345,79166.8205509312,0.5355072562965714
483,78352.01196209289,0.529995655492356
470,77895.5025797763,0.526907694082554
317,77809.39087360862,0.5263252096126212
384,75858.91915721374,0.5131316551656705
325,75721.05298972777,0.5121990885604596
315,75051.29032975895,0.5076686203426656
390,72447.31849841725,0.4900546022329165
472,72372.13809032126,0.48954606022268327
382,71800.73989054946,0.48568095764456803
444,70937.80315120962,0.4798438041195746
391,69590.54854710052,0.4707305845718066
347,68889.48375565329,0.4659883796892383
502,68574.19833937137,0.46385569800455667
392,68081.35656373866,0.4605219737849814
453,65574.17279790487,0.4435626581255986
333,64162.58272148231,0.4340142548478112
467,63324.77163874748,0.4283470585263226
423,61897.04102372268,0.41868947598022715
282,61704.91779862937,0.4173898989550973
487,61644.51435940175,0.4169813126333711
496,61553.213289775456,0.41636372580908954
274,59975.704475651066,0.4056930002329381
505,58325.257705127005,0.39452890123797757
516,58132.71997807075,0.3932265204017642
341,57547.94012268736,0.389270900437307
396,57429.03284959557,0.3884665772735881
495,56669.65952606562,0.3833299566267261
509,56572.044705716144,0.3826696617676493
279,54817.7813901032,0.37080331765495067
335,53901.81682128382,0.3646074685643866
310,51304.37566464671,0.3470376258259419
289,49203.236969431826,0.33282491638601674
338,48440.272455737584,0.32766400389089895
398,48027.06708270943,0.3248689633163573
460,47654.79374768214,0.322350798877701
440,47538.28726496623,0.3215627153540003
449,47119.59868610375,0.3187305847903494
413,46301.37790640761,0.3131959029409244
380,45975.40096320931,0.3109909006779403
504,45916.75477148597,0.31059420088624146
277,45698.241282897085,0.3091161124910818
403,44898.83178233335,0.3037086755708521
283,44696.60527171632,0.3023407570022229
371,43397.00268581594,0.2935498694787848
425,42995.78495475332,0.29083591677936255
426,42939.77675496646,0.2904570611275977
432,42414.990939759635,0.28690725819135415
436,41690.24249771864,0.2820048502507333
462,41584.20857294021,0.2812876061358718
397,41529.53759316219,0.28091779582675197
450,41243.57075644878,0.2789834334884074
491,41001.25465186163,0.2773443373188137
503,40737.52706554036,0.27556040769807366
490,40733.92343649501,0.2755360317096311
439,40575.22953221813,0.2744625802727929
501,40306.88536265074,0.27264742274861564
328,40258.21231389793,0.27231818417857057
438,39194.07477873929,0.2651200503163121
485,39004.717052817534,0.2638391799269084
446,38748.63696359084,0.26210698018692086
386,38743.48352782114,0.26207212085784426
488,38118.88666052668,0.25784716711625616
512,37851.21015389967,0.2560365258571865
417,35926.942783079314,0.24302022517771063
433,35615.764313288055,0.24091532406614866
455,35493.74020155975,0.24008991770501265
475,34886.74316541159,0.2359840143082894
471,34297.77376537241,0.23200005505284965
494,34296.92256442377,0.231994297283605
395,34251.403787574825,0.23168639512041694
295,34228.24780712189,0.23152976137571285
418,34053.550971132034,0.23034806148333897
447,33957.770508523536,0.22970017475021828
513,33727.851595250526,0.22814493676591258
387,33115.12709128339,0.22400029112141528
297,33005.8161702261,0.22326088045655246
437,32910.768518886674,0.2226179506706649
400,32683.480839180917,0.22108051111073027
442,32634.843028126732,0.22075151089866368
416,32571.982007056104,0.22032630078302087
421,32064.277179764027,0.2168920385860593
458,31979.27375624978,0.21631705086032835
435,31834.64294248313,0.215338726232446
511,31358.871180113285,0.2121204685164354
389,31303.742684768393,0.2117475634397826
337,30970.648516832727,0.20949441821153814
486,30700.63318928455,0.20766795649175337
427,30626.051336273773,0.20716346328112076
506,30111.309462101446,0.20368160046509873
420,29860.558898246316,0.20198545117515102
298,29717.060851890583,0.20101478891344707
303,29228.926108005857,0.1977129044171186
477,28823.31231869765,0.19496921550910248
360,28484.545974011053,0.19267770203784934
473,28265.504195497524,0.1911960401369443
448,28255.10483438487,0.19112569585258476
296,27855.164636449947,0.18842038475649175
278,26676.017430484408,0.18044429223891817
441,26346.530880181177,0.17821554997907216
469,26144.785833742135,0.17685088817330352
401,25766.821741498,0.1742942298079967
311,25668.217285521114,0.17362724076749547
459,25255.23734193422,0.17083372506285183
476,25235.416808982463,0.17069965324911135
404,25136.604920768794,0.17003126107700506
493,24887.160345794033,0.16834394587332246
329,24588.202380185277,0.16632170778422106
276,24580.362454760994,0.16626867626262767
481,24430.57683516866,0.16525548303821402
414,24121.163540319387,0.16316252208015938
431,23975.17654327178,0.16217502383657836
411,23875.463192678788,0.16150053391238292
456,23701.16870234265,0.16032155560230327
474,23681.037190688723,0.16018538023873716
399,23501.558904329493,0.15897133723405177
374,23317.543576917462,0.1577266043723154
465,23044.27636978805,0.15587814599913172
415,22511.39197036565,0.1522735618984686
422,22150.582281246818,0.14983294087414767
492,21958.221103939,0.14853175427146206
479,21833.296747146174,0.14768672981443334
489,20854.885587610865,0.14106847393493108
353,20522.20244094519,0.13881810897335695
362,19832.2103097152,0.1341508027648995
359,19817.264606369863,0.13404970570761987
498,19763.069924257783,0.1336831172135798
419,19711.328207266146,0.13333312128461056
468,19019.514751172424,0.12865349510834573
484,18586.061893316335,0.12572149469416855
452,18387.20720528793,0.12437638410810814
482,17507.636480399295,0.11842671349703597
306,17391.046055445695,0.11763806216377715
409,16933.382458718224,0.11454229331408997
406,16916.985655539775,0.11443138059811853
412,16771.123631080176,0.11344472770524441
466,16477.173186827808,0.11145636193795339
461,16352.850924771301,0.11061541022374842
445,16021.138145868537,0.10837160911019413
428,15080.631958391554,0.10200975341760975
520,15053.258246254803,0.1018245897167185
430,13840.635470220439,0.09362205876754227
383,13403.600508373569,0.09066582796661311
451,13365.27027552158,0.09040655119277108
405,12171.914633743112,0.08233434870860418
410,12081.01668078403,0.08171948868197501
519,11648.9279848861,0.07879671585357521
424,9853.103642825665,0.0666492409453377
508,8149.80269759621,0.05512762103589126
290,6615.481916576415,0.04474903179857145
528,4733.785676090668,0.03202069454928371
522,4651.250454016592,0.03146240245149405
532,2459.262018861168,0.016635159111732453
523,2162.6614036230067,0.014628866821897726
521,2117.144111864966,0.014320974704293764
530,2092.663919618986,0.014155383608276164
529,1916.5897655928266,0.012964367138609701
525,1599.8755728384365,0.01082202079689986
531,1219.552172362988,0.008249403388790573
526,1089.2803206501578,0.007368206930502458
534,1068.3909264889382,0.007226905030601403
527,1003.0131349540056,0.006784670752099875
537,978.4421557333592,0.006618465546744895
535,926.6271406557871,0.006267973808336566
536,213.12527128891304,0.0014416409359519972
275,46.93802599226217,0.00031750237460809346
497,39.067607978463485,0.0002642645923257422
499,26.499535777429088,0.0001792505193280364
367,25.093321050090474,0.00016973847646512425
517,20.998662837618106,0.00014204102481083384
350,18.16970412080917,0.0001229051303783928
478,16.030765041979873,0.00010843672821801428
515,15.69745583413814,0.0001061821283976908
434,14.500314426144714,9.808431789662182e-05
500,12.228244940051393,8.271538318198039e-05
349,11.764154892266284,7.957614395986127e-05
376,11.127885311120593,7.527223260794467e-05
378,11.127885311120593,7.527223260794467e-05
381,7.831596305472855,5.297518102634986e-05
377,7.831596305472855,5.297518102634986e-05
379,7.831596305472855,5.297518102634986e-05
402,7.796063920627382,5.27348297051037e-05
312,7.230361015339793,4.890825174502681e-05
518,7.201484792504047,4.8712924627487325e-05
286,6.948327866670349,4.700049800959047e-05
443,6.636601145515274,4.489188836733906e-05
313,5.134284234141573,3.47297825545876e-05
300,5.11510337143338,3.4600037655262535e-05
287,4.642002976204596,3.1399849838716335e-05
524,4.559926809921331,3.084466292697954e-05
375,3.836354700529984,2.5950212040403862e-05
323,3.6028308636703463,2.4370589311004233e-05
342,3.4568196203006614,2.338292705829259e-05
285,2.7697569019601422,1.8735436245326402e-05
284,2.63803425527505,1.78444261905134e-05
326,2.483252297881408,1.679743629308841e-05
299,2.2109099981722617,1.495523426102729e-05
393,0.9511492384961471,6.433848365906793e-06
394,0.9511492384961471,6.433848365906793e-06
