store_id,samples,actual_mean,predicted_mean,MAE,RMSE,R2,MAPE,WAPE,bias,median_absolute_error,max_absolute_error
368,1445,2479.360553633218,2451.5738179800715,267.5669620108669,519.9553393569958,0.945282621029476,17.373568810244855,10.791772968186425,-27.78673565314661,126.73125323523527,6049.398876216158
510,1372,770.0131195335277,639.0574335192463,262.6652557262811,1048.7072947730364,0.5243778802134753,31.38120180779758,34.11178966475313,-130.95568601428138,67.95164490809131,17638.159321122883
514,370,834.8,826.1831922880124,218.04835231019112,340.8476426461498,0.6668059860497652,26.982131964043926,26.119831374004686,-8.61680771198763,126.77240135662055,1744.070756320277
280,2300,1488.8139130434784,1429.961078355683,208.15798170601042,539.9226203336614,0.9297025893552783,21.511456314807187,13.981464028670151,-58.85283468779521,73.41069901356553,11339.67119450198
429,578,998.242214532872,971.2296700547734,194.71494635894356,357.3801887437047,0.7102186643780922,52.745112765366386,19.50578161534278,-27.012544478098647,102.60813314155155,3457.113568644581
365,867,1383.19261822376,1354.8354981672765,173.22055772002594,293.9467121780133,0.9088581281515372,12.420588317245553,12.5232419142367,-28.35712005648377,96.298483314858,2608.4596531793413
309,1156,1603.6038062283737,1585.9704360363623,172.63532914714062,294.7350692081885,0.9524866834353823,12.671033667258023,10.765460176424348,-17.633370192011224,90.20689626972069,2593.650991329602
352,867,1489.123414071511,1476.009187917891,170.15379780709364,299.28504320842086,0.9383815478000513,13.833465777721038,11.426440293613064,-13.114226153619985,94.44203837647183,2752.414581441106
272,1368,529.5804093567251,401.48508453485215,164.68552652723432,713.3829785562574,0.7581558435072444,56.505403789596585,31.09736002645487,-128.09532482187308,0.0702195094557986,10144.751709217027
366,1156,1428.8875432525952,1399.3695706901653,159.36982663564476,269.7649705405089,0.9379088111280987,12.425591995729805,11.15341983266711,-29.5179725624297,90.6547149919711,2238.8538534490085
454,578,930.0138408304498,886.0549514222092,159.25703499102858,252.20136310763957,0.8183619989833463,16.384290080075065,17.124157512410896,-43.95888940824058,89.87287893557303,1390.1749118852588
407,578,1069.356401384083,1036.1826633189996,157.9330202162379,264.27180956000853,0.8258504264194256,14.403056985827497,14.768978799942001,-33.17373806508325,90.8028930408334,1563.1474944600618
358,1156,1304.2387543252596,1285.0118577668684,149.88468713672845,281.45621216373746,0.9380578725515103,12.227138998785595,11.49212033760417,-19.226896558391246,73.2751016185253,3064.6985547724144
354,1156,1463.901384083045,1455.760491981051,143.5143829303983,244.2209910838546,0.961138590227013,10.529575079786294,9.803555382269995,-8.140892101994009,82.7228789084262,1957.1769495101162
293,873,1140.7903780068727,1149.8629818355412,140.79253275975904,266.744710087709,0.8923855014615525,20.76210063971779,12.341665521911583,9.072603828668376,68.2615653236337,2239.388335722518
483,578,686.9204152249135,651.799552358788,135.55711412126797,246.68261780040098,0.7535052204619963,40.5842012775896,19.734034848401393,-35.1208628661255,69.82280553602092,1984.1825060916196
470,578,676.4290657439446,646.379279042971,134.7673055013431,211.93223791783973,0.7898966859425633,20.726411126597075,19.92334633833696,-30.049786700973705,83.05734016891986,1293.169759208588
343,1445,1054.5813148788927,1031.0487270152305,129.2829261862027,265.2894840010357,0.9465561610303547,13.245567980000377,12.25917094890397,-23.532587863662016,59.56370027750842,3710.205579858962
502,578,557.3287197231834,566.3178066120793,118.64048155600584,185.57971749047397,0.6819979230957258,24.641400768531526,21.287343960119756,8.989086888895772,74.54260252814368,1006.078484321335
364,1734,813.4452133794695,794.4142488039174,117.45009471489178,262.11677308192634,0.9348839443953961,16.434710193397617,14.438599279101261,-19.030964575552076,49.27434807208158,4694.436095543266
385,2023,894.9016312407316,868.3750301416582,117.11809324764916,282.3642795163157,0.947712110272653,13.66906543370665,13.08725888512142,-26.52660109907344,47.756771968955604,4797.022418239112
453,578,761.6089965397924,745.7516963392968,113.4501259479323,188.89094322043752,0.8389947522994127,14.20123951861117,14.896111582632123,-15.857300200495589,69.2779844937065,1056.6281162860093
307,867,1077.3241061130334,1083.473864790381,109.9864686128493,158.58089052100019,0.9316334995105042,11.090056126133547,10.209227472842741,6.149758677347538,74.10645136656035,983.0255525089406
467,578,766.5501730103806,747.5187418927424,109.55842844073959,158.77631285673596,0.8386657296718839,17.684201807596033,14.292401501976562,-19.03143111763825,78.46501813819211,769.6919741712686
351,1734,897.9181084198385,883.8861027022037,109.47511442093845,231.34537039718361,0.944757734217362,14.12456759682705,12.192104535411742,-14.032005717634819,46.344894234815115,4265.295046335661
340,1445,927.3301038062284,932.4191416816321,109.22563971613938,193.47864193561315,0.9617198053589072,19.43533324684701,11.778506841072293,5.08903787540373,53.626846815313456,1497.630398811531
423,578,677.7162629757786,671.1332468053561,107.08830626941642,168.01118822389898,0.8352946044331974,22.82048213671763,15.801348162902759,-6.583016170422515,64.05744401992439,1036.7878376397475
496,578,727.6297577854672,718.5279246551901,106.49344859822743,160.10460294112016,0.7837607854214352,14.70191388531546,14.635664286510083,-9.101833130277122,76.41948952150142,1143.7673496192251
294,1445,1031.9847750865051,1026.3567415127277,105.24620075393199,184.91043170279397,0.966375234732343,12.366071517347239,10.198425722425005,-5.628033573777527,54.878400704979185,1457.398853046363
463,867,363.8246828143022,367.3100785874958,102.61982983811097,171.42907476885458,0.682490910740617,52.08753723148957,28.205846025704805,3.4853957731936758,60.755831617962826,1701.2357092963205
304,1156,867.9861591695502,867.0594522854793,100.64155706851523,169.19553087668544,0.9306740326527982,12.436730644702168,11.594834319109939,-0.9267068840708077,59.22968138188904,1514.827479265434
390,738,598.520325203252,593.7428583576259,98.16709823633776,171.05215852977554,0.8818122306749494,18.31068149411151,16.401631507334542,-4.777466845626125,54.218410248607825,1177.640034321581
314,1156,870.7681660899653,865.1048855981929,98.0930355855567,159.47689152827797,0.9432758434674363,12.235345328238317,11.265115033548664,-5.663280491772394,59.64946407845028,1748.6725359645784
495,578,550.1314878892733,564.6747466942874,98.04439364371214,172.8311616903358,0.8327297030808731,28.381958147509458,17.821992705759435,14.54325880501402,52.63754175854163,1601.0
305,1734,904.116493656286,893.5217539889213,97.74597989179986,191.81367514290554,0.9650273151907365,12.690348179987462,10.811215211494584,-10.594739667364705,46.881084568516975,2614.640144207687
331,2023,818.5180425111221,797.0619532437845,97.36317484194116,226.24910334842036,0.9573907079509134,14.150252787211661,11.89505542764113,-21.45608926733761,40.422283481595514,3558.383194281997
346,1734,845.396770472895,837.274554910219,95.18985053833426,204.40029311113616,0.9587888973116924,15.579975332505402,11.259784028402107,-8.122215562676054,41.353842309130215,3840.90805981874
322,867,805.4786620530565,806.2079188665955,94.69385084343162,168.77234591671288,0.9423058878944236,14.331239275862478,11.756220903738129,0.7292568135391124,47.38148473191919,1636.2027606605686
302,1156,641.6176470588235,631.2532771896355,91.7079623843578,177.92627288799216,0.8864866081807902,15.556254656280677,14.293241902673232,-10.364369869188005,56.30258309904764,3358.162264255078
504,502,563.2350597609561,582.7314962747436,91.46763898702385,135.64844186696007,0.8217580207935774,16.772219901583757,16.23969200813668,19.496436513787344,66.01582755054736,853.5563760573152
320,2890,528.8678200692042,511.3218652313876,90.25445634119261,247.47278896714107,0.9279270228680627,21.055631466067883,17.065598040996804,-17.545954837816527,35.28438889474858,4246.66696139526
363,1445,672.7238754325259,677.0181633764108,90.04959130635955,180.80431750271353,0.9420512874755836,25.899801722229654,13.38581765787076,4.294287943884791,42.26634045404319,2187.587384208892
324,1445,748.0249134948097,754.8479008962587,89.7725423358759,161.79313360496505,0.9557558158208022,14.909033397886006,12.001277058601444,6.822987401449144,47.68541011406353,1957.3314967928868
310,578,660.795847750865,657.2266361444662,88.76189561357562,141.8276081874535,0.7941721529803087,14.011832190653633,13.432574662158117,-3.56921160639894,57.362606531845955,994.874900767089
373,1734,676.636678200692,664.2003140456306,88.6873655970578,191.45561269903754,0.9379821687637963,29.839468930472922,13.107088110105808,-12.436364155061383,43.098984798781345,3648.7078229003605
292,1445,763.4712802768166,763.5290809519505,88.51224431195169,174.697155166901,0.9527295876588219,13.647007404678224,11.593395403145912,0.05780067513392782,42.705041673027495,2137.3152085809133
344,1156,637.9584775086505,630.6550495502997,88.05314713685301,187.6114257938427,0.8976596792875311,13.993194586448071,13.802332007675066,-7.303427958350842,42.54582830541581,2130.514071955156
301,1445,679.7328719723183,676.749786170474,86.54798737567596,143.07691116457104,0.9427734708809556,16.387346225323892,12.732647035966881,-2.983085801844401,49.65272565296448,1515.3944991189733
511,370,497.7351351351351,516.2770116656967,84.75370589219807,120.42407386018593,0.7375435727579007,19.207110976493617,17.02787284027828,18.541876530561478,62.39040486986988,657.0247243081076
472,867,379.41407151095734,379.95778488051513,83.47420771663353,147.1182330670847,0.7542980611663309,65.1268304968102,22.00082020790914,0.5437133695578167,46.687059406234,1574.7486492619018
382,867,401.0265282583622,383.5123585430981,82.81515558310204,153.6505063946533,0.7920156431884371,24.500909101353095,20.6507923410364,-17.51416971526405,45.28907648598562,1821.6815258888432
460,578,493.1937716262976,497.3459751783047,82.44774004789298,119.38826740648494,0.8589969443536485,18.0953136111737,16.71710893185513,4.152203552007145,52.1059909921936,548.6849943289203
440,578,477.57093425605535,473.53852123594106,82.2461717386959,125.82845879359134,0.778905928737592,17.46264625400974,17.221770807056412,-4.032413020114318,49.370424958255995,603.1381268909861
444,867,602.2352941176471,589.1403044440652,81.81984215825794,121.33514269478779,0.885682213885157,15.975341331408984,13.58602575395961,-13.094989673581782,56.44909265892369,1214.2768392128082
449,578,370.7785467128028,351.5015396370857,81.52179703478159,161.46336202129334,0.7153630375952829,28.07230496340561,21.986654232702044,-19.277007075717073,40.80522805895623,1418.8112057622504
316,1156,725.3079584775087,731.1054230964436,79.1155859677633,136.4279018104781,0.9510855185697042,12.631852601246315,10.907861280584118,5.797464618934931,43.19481731454022,1477.108556379544
369,1455,766.8453608247422,775.6965220647397,78.9439627708065,165.08892185697465,0.9477380579975057,10.56044084725271,10.294639154614204,8.851161239997364,41.85872815741641,2502.0014162153097
330,1156,722.6470588235294,716.893089690577,78.19285515394147,133.56554021770563,0.9482881792773689,12.970929361987249,10.820338116540535,-5.753969132952309,45.10392523184562,1302.6846942236805
318,1734,522.3068050749712,517.0224371657546,77.9993901058768,158.0532761410609,0.9356212988672927,18.020451834306794,14.933634666062007,-5.284367909216589,37.34765968432083,2211.662432134131
345,1031,506.7264791464597,498.22671981083033,76.78644088354143,179.90213759298325,0.909529904850038,21.011364191163423,15.153429718707823,-8.499759335629435,33.505760569327194,1755.190472997729
334,1156,502.52249134948096,490.54159334397247,76.08858354851402,130.55810708288956,0.9285906845029931,120.26065015800773,15.141328967024872,-11.980898005508472,40.26114923242494,926.034522224437
308,3179,630.0050330292545,617.5527018739543,74.47905473954744,187.82259431360143,0.9694449142912654,14.871557002509586,11.821977735865005,-12.45233115530019,30.160437315150205,3206.358010862327
372,1445,515.8574394463668,509.74344509229803,74.32778423067255,125.5412766074933,0.9364692013686563,17.783286215732346,14.408590154373519,-6.113994354068735,40.84328069036678,1347.799463066695
426,578,396.6020761245675,385.17479518197774,74.29027120236411,130.3977993748076,0.7390192904251549,27.101725523886827,18.731689941792066,-11.427280942589729,44.394642581413876,1003.089019850909
507,1245,270.33092369477913,280.497237946279,73.87539078737187,155.86453674488047,0.7567206664252202,31.00019376387757,27.327761758688734,10.166314251499864,34.065827444298804,2390.7686600705465
432,578,617.3910034602076,614.3343972193122,73.38233726602013,106.31871602200555,0.8854533869332414,12.205813334108548,11.885877321623429,-3.05660624089539,49.58485362964046,578.1765124420062
370,1156,580.8373702422145,574.9220102641478,72.78844351450263,119.95392151151223,0.9233490948426788,13.496970164050548,12.531639189150171,-5.915359978066664,43.58943019396449,869.5340327715742
315,1036,405.488416988417,397.82574339039826,72.44333043413026,136.74066262059927,0.8875533155271778,89.13853770982402,17.865696626347688,-7.6626735980187695,34.982634517343286,1191.0077225609723
436,578,534.5916955017301,523.6304740988638,72.12844722788692,107.62124004899141,0.8778480573970623,13.719644559907962,13.492249848773321,-10.961221402866352,48.783929400193244,602.6736432005705
462,578,410.280276816609,394.0317610721754,71.94499753103842,117.34178526313694,0.7248531981956243,17.47957030411782,17.535573020780888,-16.248515744433565,44.08101632684452,791.5517211897591
450,578,463.38062283737025,454.50566073745745,71.35565874818128,109.16833931982092,0.8707634471779813,16.915958619407068,15.39893021664493,-8.87496209991284,46.82245599877416,705.9128952318424
339,1734,422.4186851211073,412.5035664299444,71.27777588551936,148.20899379066074,0.9133673291735477,25.66046524559582,16.873727038159796,-9.915118691162853,31.10626757928742,1742.3056120200688
487,867,462.8650519031142,456.4605218993974,71.10093928420041,118.05580755785257,0.889028382125003,17.04134589581459,15.361051561759103,-6.404530003716756,42.089897294817206,1184.4029450480298
491,578,441.5363321799308,431.229933587662,70.93642673332462,113.04241230784092,0.7032886666477122,15.335177739036391,16.065818725064116,-10.30639859226882,44.423088572373786,723.7445728010448
490,580,445.5586206896552,442.2800842085747,70.23090247671553,102.24061780918734,0.8191198191660154,16.625067435974042,15.76243825515239,-3.278536481080475,49.41968060708902,459.90533051669195
439,578,378.11418685121106,390.59002199641736,70.1993590522805,119.7221223200343,0.7648853092173109,17.25422174483742,18.565650666766476,12.475835145206307,40.09333413940246,838.7726140784157
512,540,365.8851851851852,378.39237617228486,70.09483361833273,107.13749412153845,0.8841507621726689,27.309933718494467,19.157603657239,12.5071909870997,46.48079222557075,812.0509493170389
356,1156,529.9602076124568,530.6195860130134,68.8729253546685,109.71574366822092,0.9363492656461714,14.630023749217061,12.995867305764419,0.6593784005566122,42.866272005182466,1214.2449971410315
438,578,434.4152249134948,441.17119596518575,67.80981795629636,106.9307438711718,0.8373130001704008,16.294651198463107,15.609447843316113,6.755971051690913,46.78571729700323,930.76752961731
446,578,298.5813148788927,287.34644400865676,67.03916429686996,98.75571221127066,0.6740585141489934,22.926675399067236,22.452565166062598,-11.234870870235982,44.19064392418552,525.0547926034354
348,2312,407.9083044982699,402.33170990025815,66.76039008391437,165.2609277346788,0.9230719101869647,23.74861966983042,16.36651898176727,-5.576594598011763,24.88636829575624,3345.8983053172915
341,867,517.5501730103806,517.32562612889,66.37594016457597,104.58164627658672,0.9247827489924723,14.815529122693416,12.825025210308382,-0.2245468814906337,41.2364071830043,750.9661455461535
488,578,297.2179930795848,301.79257226952404,65.94963090056521,97.44359012115208,0.8232091375093851,27.011900698243103,22.18897658827343,4.5745791899392465,43.42372937656622,448.28854976068715
281,1734,588.2387543252595,586.4388271638711,65.69189581299058,111.05886778988928,0.9719924951629234,21.855391636032987,11.167556596699006,-1.7999271613885073,37.9354461328673,948.5375074855149
325,1156,482.8581314878893,488.6659561521282,65.5026409945742,111.35277635354585,0.9277778395155715,15.778625295332628,13.565607933894158,5.807824664239009,37.18228242784631,1075.908596082074
355,2312,568.9818339100347,567.9715500165173,64.15088828600655,143.5331940361213,0.9691786008637292,18.446639181969747,11.274681275000049,-1.0102838935173128,26.497405605995098,2142.749454685895
513,528,299.0530303030303,319.06995148126754,63.878506809186604,102.61047266445561,0.8026116129399108,53.90212663886938,21.360260668303056,20.016921178237222,37.42041549969008,580.4637380513265
361,2312,441.7465397923875,431.57868174956985,63.35115040833385,141.51570622319946,0.9457128221377405,19.388936156551434,14.34106318933651,-10.167858042817715,26.14692803439815,2424.076014743908
332,2312,508.56228373702425,502.80550141678003,62.8509588949867,128.66463313821512,0.9673697730049954,16.483949488584738,12.358556838534,-5.75678232024421,31.927348113035976,2196.438338575811
328,647,375.4868624420402,365.8451712277202,62.22289383910036,109.91282584546235,0.8778846112767987,17.575608079286226,16.57125722972665,-9.641691214319987,28.993880319780203,697.9225069662812
335,867,560.9342560553633,567.4551122693567,62.17049229675182,106.20652863506601,0.9290468195814034,14.602098746082365,11.083383057036134,6.520856213993404,36.06439203365346,782.1818105966172
433,578,343.35640138408303,348.36134859842014,61.61896940015236,90.43466957222535,0.8307682765914568,20.4165047337199,17.946066871555004,5.004947214337069,43.20726928728888,545.5090404617472
455,578,316.3771626297578,318.569053911149,61.407855019999566,96.18765535748754,0.7183077152849466,25.384090532201135,19.40969901543193,2.1918912813911753,39.83761907695464,728.9513900828549
291,2023,474.8660405338606,472.3589497242307,60.664238590355204,123.47694892947797,0.9658247415366835,19.31160020924126,12.775021461242922,-2.50709080962991,27.12829364821573,1179.6326264670113
391,1156,381.98269896193773,372.73047250695817,60.19943645942952,113.55240239177435,0.8951710226325321,17.111235084834405,15.759728548707916,-9.252226454979562,30.142262664452716,1055.5914137445816
347,1156,544.6332179930796,550.4658123934923,59.59297902738174,96.63765781103126,0.9537677144867308,12.490581294518947,10.941855373231927,5.83259440041282,35.611393974016494,704.9962642291671
471,578,365.4636678200692,370.5041784677467,59.33870893663047,83.83975420458151,0.8113366777442771,17.614449602194917,16.236554864831334,5.040510647677571,41.55741711581457,373.2878849918195
505,984,380.9186991869919,399.0296077512447,59.2736358791941,106.4709933215424,0.9293782666560583,49.228763275213566,15.560705212346862,18.110908564252853,25.833273940635188,863.8986130177398
395,578,474.5501730103806,468.484106693383,59.25848406154814,85.84076772195692,0.8298422933219396,12.692234522102524,12.487295850222328,-6.066066316997659,43.3003762933769,454.1537012103729
295,578,531.4221453287197,526.2379898499379,59.21842181162955,92.00963010424212,0.8610810337905059,12.280534020444653,11.143386163367174,-5.184155478781846,43.20413994642382,684.8916323518662
447,578,297.4048442906574,291.57328298572975,58.750468007826186,89.69564838188036,0.749354655884841,21.62379472416681,19.75437493224173,-5.831561304927684,39.99845316777723,565.0963853967438
357,2030,429.20197044334975,434.4595979316849,57.84506517847382,114.43771716453318,0.9527352882435968,17.07881559475616,13.477353125551126,5.25762748833517,29.21211619984805,1628.866821424784
506,522,249.22222222222223,264.2798245746721,57.684500885251815,98.40248109337084,0.6496970683314388,26.882784085719884,23.14580953933421,15.057602352449868,37.64691156274513,973.8655834106213
437,580,341.8862068965517,348.9917885015972,56.74270434290806,88.46462193913057,0.8444176052237272,18.98333482566183,16.596956296653794,7.105581605045474,34.923967819004346,447.7226555984262
416,578,340.1833910034602,345.3173239926887,56.35291004680987,85.34715758704934,0.867604463304639,18.163764875845438,16.565450147516657,5.133932989228476,36.49057537771006,517.8754238372896
338,867,450.0484429065744,457.3446265840226,55.871133166940695,85.1418606608462,0.9342423618572181,18.03583613101474,12.414470941417964,7.296183677448164,35.62380692290719,477.70089370754
333,1156,469.9965397923875,467.8123111246773,55.50396429193971,83.52863933672658,0.9557582800565684,14.530210464546395,11.809441047471877,-2.184228667710201,36.509016680334,527.2078623889926
458,578,339.7128027681661,334.82711315710714,55.32746324610688,75.91935071069189,0.6612029655027005,17.521503337141393,16.286540511652312,-4.8856896110589725,41.783031021191846,347.49494017702057
435,578,231.97923875432525,231.97110485911298,55.07723692471129,86.31184871991447,0.800534394097209,27.724174896236427,23.74231298475816,-0.008133895212286895,33.04027696851112,406.6140684038187
389,580,270.82068965517243,280.96708711332985,53.9719701461524,78.77557696594658,0.8532794263560294,24.257302465591742,19.9290424283585,10.146397458157395,36.33668575543825,375.41043655374926
317,1445,383.05328719723184,387.53081482274916,53.847329324296624,92.62788567885966,0.9403593869873259,19.59884421979603,14.057399094077205,4.477527625517374,33.1630014546073,974.6536225825885
413,867,251.4140715109573,251.62724256264036,53.40412676632942,91.87567752810895,0.7254116221012673,21.538823839315985,21.241502691308956,0.21317105168302367,30.90183642712347,865.6643613525573
486,578,171.7750865051903,172.4849002923333,53.11528233440233,77.69137891660988,0.6119170253544858,42.15887508050778,30.92141207147488,0.7098137871429724,35.75359937946832,350.2639493634375
380,867,361.5547866205306,365.89606084755013,53.02814413288271,83.80603228345782,0.8845525596616283,16.336516568597798,14.666696748379199,4.3412742270195945,32.65700409604551,597.4283848867789
277,867,399.4878892733564,397.09902096610057,52.7084674543219,90.74216219891845,0.9283701239168884,23.106552315176067,13.19400884722571,-2.3888683072558208,26.170507773930865,556.1137233475315
420,578,237.57093425605535,235.63372551658873,51.66186660596249,96.97130465576724,0.6132473008631709,20.96150528943423,21.745870035717846,-1.9372087394666169,26.169410736917996,666.2626558731299
298,578,355.70242214532874,353.82354189517446,51.4136000897761,83.54984717567244,0.6731190025732896,14.146550484346095,14.45410457980242,-1.8788802501543045,30.936570667631628,639.5510755795959
273,1936,233.33522727272728,225.6359264171801,51.34753568203544,206.78658269915184,0.8430075872890896,34.339797166797695,22.00590810148839,-7.699300855547194,0.4308635586404088,4805.434661105394
327,1734,403.1522491349481,409.50354394778736,50.811651412687254,91.59863911491945,0.9597141453528671,16.33986833046929,12.603588724040318,6.351294812839254,27.307612556640123,867.1061428216501
283,887,275.1995490417136,283.72764822186673,50.39076129844004,105.56903529842158,0.8772285808107317,71.82136949536462,18.310626406877585,8.528099180153095,19.468964060277614,943.08537874995
503,816,242.96323529411765,256.3001955397054,49.92344003129946,73.94855889293684,0.7443736147080438,23.888832621339475,20.547734298510203,13.336960245587717,35.03946810291545,595.4988091430964
477,578,257.94809688581313,251.32176313242,49.86732235068797,86.63667317057721,0.6950538490410828,23.031007172675103,19.332308690287768,-6.626333753393154,29.343062985130246,713.799720521141
425,867,283.2918108419839,281.4007549315362,49.59144746799691,70.9845011128195,0.8715430815913412,21.84264838294463,17.50542923235374,-1.8910559104476785,35.62490800836363,392.7785808483702
473,578,265.83737024221455,255.92373173669068,48.902256393594335,76.55805719324897,0.7168327539810773,17.50133555284467,18.39555377373679,-9.913638505523853,29.638328761394675,396.2467236586511
392,1395,307.6831541218638,300.43655255604745,48.80383983063704,85.38748464468837,0.9138818347080561,18.11481812034257,15.861719816908579,-7.246601565816367,27.917093061858253,776.0531197262774
501,867,267.8869665513264,281.3394723231142,46.490063855421845,72.33753455844409,0.8650486276143812,22.909761204519608,17.354358240685247,13.452505771787825,28.937851836459316,585.0425721932723
278,578,401.43598615916954,409.22286927228913,46.15227929149552,63.729722270219064,0.796850948070761,12.057910010738668,11.49679672046046,7.786883113119542,31.405326388827575,302.5427384968251
480,2023,265.8121601581809,256.4904639436379,45.99151586113097,94.16965499903749,0.9357090311907086,23.713248252516095,17.302261805389975,-9.321696214542989,22.213292502876484,1013.8701447292235
441,578,224.5190311418685,224.63763813085734,45.58223335671484,75.07961120801868,0.5284549202451018,18.822270543330553,20.30216909670898,0.11860698898883969,29.238380916216983,496.4811247015286
469,578,177.7508650519031,178.25460733120207,45.23319348398293,66.56819547814055,0.6858616582421502,34.097288630523195,25.447523684779185,0.5037422792989577,28.30589225765283,301.9998289843523
485,867,277.8569780853518,274.14378679127196,44.98813962262691,65.42819295875051,0.8694161461893481,25.585534169827497,16.191113835840937,-3.7131912940797966,30.569271916953937,350.8933780701234
401,578,280.7301038062284,277.80418975661746,44.579276369373694,78.35164336493989,0.7801399021912473,14.741445688722655,15.879763432903573,-2.9259140496109084,25.053106170804725,554.9197419915735
519,262,122.74045801526718,126.82167088899273,44.46155719422176,65.49379403464755,0.48684814340208593,52.578636114016334,36.22404373681852,4.081212873725542,32.603217806658634,303.74949415444075
311,578,321.6955017301038,319.25555100326864,44.40868042477701,75.66680964281001,0.7767802867932871,13.529153047261723,13.804569907239495,-2.439950726835207,27.538577735537487,611.6881652403796
321,2023,354.25407810182895,354.20796000438713,44.19811390544257,83.05465978077227,0.967999900420113,15.762923061892886,12.476388173783562,-0.04611809744184992,22.829505887676675,777.4448371092984
387,751,301.323568575233,301.19437313430825,44.094709841921954,64.29433513425695,0.8397551353921106,16.909441410524106,14.633674375495323,-0.12919544092479074,29.327945418043953,296.1733470985256
384,1734,308.9054209919262,307.20731240233386,43.747934923421994,81.91527249947434,0.9518091280215152,20.17361849229892,14.162242534605902,-1.6981085895923727,17.964417204407315,822.8673516145304
476,578,182.0484429065744,182.68062447768094,43.65989067298003,68.33367477122303,0.7600300356741829,27.297784473797893,23.982567483637247,0.6321815711065639,26.743076736719296,321.6616346033102
421,741,269.6437246963563,268.9094330514094,43.27162912248856,73.15033857614675,0.898442936704518,119.63409470678454,16.047704863599705,-0.7342916449469196,23.791903750838088,495.22670783387287
493,578,232.05190311418684,228.47197058047868,43.05737084047411,71.01743186551758,0.7220882339604714,19.65883443223665,18.555060425118196,-3.5799325337081576,29.65165367622747,655.3347182388419
276,578,311.8546712802768,312.66692714821716,42.52657864145501,58.34632069004129,0.7562959051087487,14.184148196224989,13.636665587489178,0.8122558679403442,32.10810003236672,281.7039338796027
288,2023,274.182896688087,271.05185802254925,42.103100050734085,85.01112078144774,0.9369404232284624,20.588540375097462,15.355844788025182,-3.131038665537687,23.85240283064408,1829.0058738041384
396,1371,240.3676148796499,237.4531909282798,41.88842658613827,79.26815551496117,0.9092067329199096,28.78747494385155,17.426817921004652,-2.9144239513700763,16.031757723387045,731.0860648937162
414,578,250.06574394463667,253.196145335312,41.73211685176364,62.738472165332134,0.4723092728675242,15.966397430018384,16.68845808044901,3.130401390675352,29.130093515894146,546.2130563399915
431,578,211.98269896193773,213.41707301713853,41.479544192511725,61.11141313151842,0.6070335495774397,20.1729522005527,19.567419603408073,1.4343740552008015,30.9731063136841,403.8574824230545
417,867,258.8581314878893,261.8817795753923,41.43822697010302,60.11176398054585,0.7815939973784121,18.04468786628556,16.008083938457123,3.0236480875029796,29.769476080027175,481.38970844524374
411,578,196.42906574394465,199.6016237620128,41.30702974511902,61.09919108458303,0.7156420374869986,23.113384555582726,21.02898040505108,3.1725580180681376,27.31572152427377,270.5341186089416
456,578,191.7993079584775,200.67630807888216,41.00548218398382,61.46578793409789,0.6880328821512973,24.63000406434697,21.379369206515108,8.877000120404658,25.332215841715083,275.8488535753538
399,578,272.6089965397924,277.6997923497887,40.66013651268079,53.284948563208296,0.5687603978584123,14.811215852341174,14.91518512916931,5.090795809996338,32.23455617260615,213.67822282981803
475,867,173.88696655132642,174.7413876816259,40.238458091593536,64.12034776809128,0.7437464210528698,34.48402991501961,23.140583155619257,0.8544211302994799,22.93717800608144,544.4236248894265
336,2312,238.05968858131487,236.97232801178157,40.0257737977232,89.02013174851255,0.9397304975289988,29.334668407770586,16.813335359821515,-1.0873605695333168,19.684348438814617,1604.582496245917
465,578,233.87889273356402,240.9887544266916,39.86899025914888,57.96547340850419,0.8082725932935301,19.990442321094488,17.04685266513889,7.109861693127553,26.462103872547303,320.42045897712023
494,867,202.080738177624,203.4666933192761,39.55815751375291,59.96570378915909,0.8516518503904548,26.19201093536796,19.5754221161753,1.385955141652088,27.187875248015317,516.3875397947189
418,867,204.53287197231833,205.48375878040585,39.27745210049831,61.08119037849332,0.8750101017567166,23.09584708899351,19.203491214758944,0.9508868080875055,24.96060140315649,387.3917002392215
415,580,204.68620689655174,205.41316776915176,38.8127447764925,62.57334583111901,0.6605083212741953,19.5626038792172,18.962071438506083,0.7269608726000184,25.346744136460586,641.5077281016047
422,578,218.64705882352942,221.77389305698435,38.322806714959896,51.26971439911008,0.5044323120015755,17.78847040992481,17.52724547092597,3.1268342334549595,28.65182310962173,197.9928858829271
297,867,286.0322952710496,287.9169967988033,38.06899212252145,53.20910884693917,0.938865585710884,18.459495299349012,13.309333509506875,1.8847015277537327,26.438718820722286,231.55553033783286
492,578,213.9273356401384,216.9826414839558,37.99000190992906,56.72389610293466,0.6437262120602071,19.049803452314546,17.758367249445207,3.0553058438174054,25.20213644932366,306.9193572890126
442,867,265.47635524798153,263.98846205686124,37.641110759085045,65.26512398345425,0.9127870505131012,24.935028436990887,14.178705566423973,-1.487893191120286,20.122269423569918,456.80354950817946
371,1156,223.73875432525952,223.0900427461938,37.54065976281656,62.90252035862076,0.8893726801669688,18.815475893923093,16.778791799404562,-0.6487115790657422,23.70809792536906,609.5733756193811
489,578,182.48442906574394,187.99236190794008,36.08111693358281,50.88754325602732,0.7730184732505387,22.45766369218605,19.77216199667305,5.507932842196155,27.604152943867803,298.69046062338975
282,1734,196.31603229527104,188.5468964774451,35.5853043821392,68.27146149161274,0.9373351961677441,22.102706574354194,18.12654013331768,-7.769135817825956,17.236950911090485,665.1640860434218
427,867,131.4878892733564,133.14064446137684,35.32416532442188,59.62552031601858,0.6964610305885219,32.70719045851149,26.864957312520847,1.6527551880204168,19.769170208356428,466.69535911523144
388,2312,233.18425605536333,232.15270399919825,34.3673644523849,71.94163540634443,0.9547781865682009,19.54053564154947,14.738286809648631,-1.0315520561650828,17.020263864658844,1125.5852099197336
359,578,250.25951557093427,253.08427487685677,34.285924924515335,45.11934109316916,0.8001226882628062,14.849696953270772,13.700148362509413,2.824759305922515,25.90745150738624,141.94442983650362
498,580,115.91379310344827,122.28658395320838,34.07425849009962,44.03783433148076,0.5884588144053584,54.18011815863937,29.39620693776258,6.372790849760081,27.710545761527328,171.4239522299564
303,867,226.0092272202999,224.06638957477085,33.712717540952546,54.40255698034434,0.9086414789538918,24.90340488403607,14.91652263741049,-1.942837645529047,20.13792560142491,336.3641339357148
509,1680,156.17678571428573,161.34765559483762,33.67383613435485,69.42236119536688,0.9241607990454205,44.237228273934214,21.56135816238319,5.170869880551906,13.583654606199172,966.7214740606837
386,1156,216.28200692041523,213.50937568039376,33.515124159014825,56.30088986235808,0.9144975772547859,22.456914795050892,15.496029760509531,-2.7726312400214845,17.71610480309679,532.1459206908726
398,1445,228.4636678200692,228.6299610231373,33.23672462471241,57.530523048458114,0.9447693869566093,21.376701633146585,14.547925690700461,0.16629320306806944,17.62372117786059,507.3570028685665
468,578,175.318339100346,179.62118205065943,32.905734863620104,50.2254740361923,0.680113055328019,20.41918310261427,18.769134496982673,4.302842950313406,22.124371871579264,337.1941393641795
360,867,262.52364475201847,260.48329867901145,32.85414760554908,47.94797031473847,0.9183101258745324,16.468662382315895,12.514738486349799,-2.0403460730070173,23.125503924177394,398.6714455144074
448,867,194.83737024221455,191.501744657515,32.589509612900656,55.015065105853935,0.8749272212691956,31.12923262490917,16.72651892826648,-3.335625584699535,18.526592628189988,436.3910792173812
484,578,186.4152249134948,189.6133120371423,32.155816424422724,48.52978003685404,0.769228610456967,17.97711475439734,17.249565554178577,3.1980871236474666,23.871911813766104,320.4697912385019
528,148,125.74324324324324,143.39362194265797,31.985038351963972,45.84888177737274,0.7716543077919573,27.721899360857677,25.43678493331901,17.650378699414738,22.984819661552223,176.93109419744474
296,871,276.78071182548797,279.6458325090913,31.980671224397184,54.53099697994277,0.9434814534981427,13.286361876132963,11.554515852448997,2.8651206836033936,18.771892766898077,461.4613466975584
452,578,131.63667820069205,137.7637093820907,31.811777171778427,47.19525239518362,0.5775011390039322,26.42768675038376,24.166347561033476,6.127031181398681,22.76870807532601,209.53856385855408
279,1734,197.57785467128028,195.6736849884491,31.613484077337482,55.16438030830844,0.9317343325198123,19.559588591683518,16.000519962084994,-1.9041696828311712,19.159891155286047,590.1037138372883
516,1922,148.71540062434963,144.61437478020406,30.245952121784992,70.89535841065558,0.9514639925150254,32.39834694561496,20.338143860557725,-4.101025844145593,13.566618043478634,1270.2742033362306
306,578,167.66782006920414,174.39004355270737,30.088314974819543,43.95550050692017,0.5742578015641293,18.374129527220823,17.945193634891133,6.722223483503192,21.952103273449765,250.31611287013408
459,867,163.04267589388698,161.51850067136618,29.129454834987566,48.44997236463955,0.8761184202826016,34.75763769009183,17.86615355475758,-1.5241752225207892,16.04757229528613,314.96950061835514
412,578,108.34602076124567,106.14101523995868,29.015784828858436,44.41246554794011,0.711379025563112,58.15537657827355,26.780664970426955,-2.205005521287001,18.61885913481181,275.73657759039696
404,867,114.83506343713957,117.61214403783464,28.99262389938731,66.84499866259564,0.6466082677277323,36.31253842184616,25.24718760246761,2.777080600695088,11.275162998094686,722.7941208829197
397,1445,185.32179930795849,184.6280887652368,28.7401644243337,54.371978847426774,0.9323110374469842,17.22545676846399,15.508248102304863,-0.6937105427216413,8.58253749560896,461.0220234916586
466,578,173.40484429065745,176.97530825010594,28.507220046414893,38.99890057489271,0.5914840532728586,17.36856040839389,16.439690692049933,3.570463959448504,21.806195000279928,145.4234579099965
289,1734,169.1049596309112,166.12275211636043,28.37556918652354,53.69589885410683,0.9384841969173914,23.61358695443955,16.779856278879173,-2.982207514550748,14.528987175647842,831.1889163824983
329,867,201.5524798154556,200.0725524022457,28.360095017514737,40.36906493383088,0.9205107009638012,16.541636183561753,14.070824156309888,-1.479927413209919,19.5830428034902,245.09243764906125
461,578,144.04152249134947,149.90066961075343,28.292129627632008,42.03808621203854,0.564081521733383,26.689194401326823,19.64164855958886,5.859147119403942,19.283428642156245,230.09756516120086
400,1156,194.95847750865053,192.35862473781887,28.27290730032951,48.13191167778518,0.9171371013211942,19.551131504623076,14.5020148195787,-2.5998527708316357,15.613118600418659,443.0269039852093
481,867,137.3748558246828,140.75406972657618,28.17828931392002,40.11741984900502,0.7677737694425272,23.536333223169073,20.51197007251533,3.3792139018933627,19.879109242665123,207.92087613606228
445,578,113.47058823529412,119.20097413570356,27.718232086277748,38.21833539223854,0.6015385342439221,29.439869699962955,24.42767991014628,5.73038590040946,21.15463384806899,161.75290730564228
319,2890,177.70519031141868,173.71121542727093,27.45441560237001,66.90020355506516,0.9589372974242764,25.296917477229,15.449416842725661,-3.9939748841477374,12.279720809541205,1821.850061185855
522,170,83.27058823529411,85.75032158918538,27.360296788332892,38.361360906170496,0.42014018128163844,35.816064599806786,32.857095606220625,2.479733353891261,19.840482688234445,142.86650781963678
532,90,74.08888888888889,83.94194761852715,27.325133542901867,39.123848734442596,0.6164076045197234,39.51682832201028,36.8815539721231,9.853058729638267,20.844822811400636,177.13222499981313
474,867,122.6874279123414,122.21195665972759,27.31376838603082,51.45498676572485,0.8329557449148579,22.656140156821657,22.262891031953295,-0.47547125261381057,12.68429236986995,376.2366143827625
428,578,109.42560553633218,114.62138729903094,26.09105875154248,36.278594410974655,0.6422118130009146,29.66812866787047,23.843650326321075,5.1957817626987595,20.24929298974039,168.78246490956388
274,2312,174.05622837370242,171.0284116669259,25.941048648638006,47.2626152213615,0.9607071689761649,24.562433975016926,14.903832451741986,-3.027816706776502,14.98538258205474,597.0546416277044
337,1194,110.28475711892797,105.9494403538744,25.938566597012333,163.409065358067,0.8741047392174708,159.89142901720282,23.519629797108692,-4.3353167650535855,0.16893938776073636,4120.438801170585
403,1734,191.64590542099194,191.90041604071953,25.8932132539408,42.25184440035695,0.9589074566001744,19.563538317479313,13.51096606893882,0.25451061972764105,14.918046203642572,365.4036181510389
479,867,164.29065743944636,162.2016825892918,25.18257986983411,43.989454120650706,0.9160126345103856,27.05468089356196,15.32806567477266,-2.0889748501545555,11.882794802041786,364.47995648256955
430,578,108.01038062283737,111.19794960685496,23.945736107647818,35.28924264023415,0.5781563270401933,24.00023670545985,22.169846980971393,3.187568984017588,18.744437178273376,280.8596707629809
451,578,92.84429065743944,95.42779759351941,23.12330497495083,33.47466114956466,0.3285399632579964,27.116478651539026,24.905467865834787,2.5835069360799663,17.59469525177549,236.86920366132193
520,704,81.75142045454545,86.46056031458717,21.382469099793756,52.46293919590991,0.8561394488033109,44.34664702026519,26.155471037573726,4.70913986004171,3.693445651516206,738.6548166531212
537,46,51.26086956521739,42.14828529365268,21.270481646377373,38.100996653523204,0.49480932184881254,68.0928693899254,41.49457827537571,-9.112584271564709,10.010989796506193,130.0840162178826
530,99,80.66666666666667,86.82868692162579,21.138019390090765,29.978987260498297,0.7038561736906239,29.23804234062242,26.204156268707564,6.162020254959105,15.010543609706708,114.51284857520022
410,578,76.65051903114187,76.28637430706216,20.901412942532925,32.515439400252575,0.617390660642424,37.642176506810024,27.2684558522572,-0.36414472407970744,13.43353286767773,175.10602802900937
482,867,80.46136101499424,79.77327721030046,20.1933523418677,31.449860418532104,0.8130575322882868,33.023359292951184,25.09695596387514,-0.6880838046937704,11.256276567951915,246.22832430433013
409,867,121.7439446366782,123.01053018024356,19.531006296099452,29.17979305355282,0.9020804357486204,24.014774117247978,16.042692188417295,1.2665855435653588,13.38074686810046,144.2435767037698
406,867,61.937716262975776,59.860565242665075,19.512094181706775,35.752930218106876,0.7430039187272589,32.210028718868585,31.502766583872948,-2.0771510203107106,8.533285453154718,269.04971252684726
529,105,94.03809523809524,100.71844482083553,18.253235862788824,23.33201994347102,0.8041262787422134,20.859790898430873,19.4104695725423,6.680349582740286,13.60670836915309,77.44037084022204
508,456,75.6359649122807,77.58876106556151,17.872374336833794,25.18221386324224,0.5664503652348379,24.30586798852007,23.629465635245605,1.9527961532807925,12.273289025644964,109.65961708512623
353,1182,81.98730964467005,86.48166588652106,17.36226940858307,58.299579320844266,0.921764013826331,462.9165790705422,21.176776605831442,4.494356241851009,0.0974032116873906,596.2470889400734
362,1156,104.39446366782006,103.7156842553191,17.15589127137993,28.991974913601137,0.9343812969845766,26.47717764760669,16.433717525451772,-0.6787794125009637,8.088294480809582,171.90083748824998
424,578,62.26297577854671,59.874393664795925,17.046892115615336,30.18854419800147,0.8196336324150113,54.06002800433256,27.378858627391534,-2.388582113750783,9.31719577538343,196.3444744806839
374,1445,102.76401384083044,103.15074446689918,16.13670835772835,30.17007107946589,0.925164328408386,30.299161512634093,15.7026839986245,0.3867306260687358,7.191261504725475,331.59313281966246
383,867,61.07035755478662,59.07584267483803,15.459746837801118,26.235400799827,0.7837059457966133,30.514445546925135,25.314649294352137,-1.994514879948596,8.398835987287924,190.36474688429033
405,867,42.95271049596309,41.254379139339015,14.0391172246172,27.77691988544774,0.6712823248507458,44.665814466139,32.68505540747345,-1.6983313566240736,6.29137636155852,185.2803804010816
419,1445,52.96885813148789,51.263469524154054,13.641057582883146,23.21794555378686,0.8386135928588123,31.85960151148039,25.752976492378032,-1.7053886073338262,7.318388121228743,186.97635875030062
527,76,55.10526315789474,62.3426531909829,13.19754124939481,18.730708296137582,0.5374976340009642,24.065222340142185,23.949692811700228,7.23739003308817,9.600998112329695,61.77934519887529
523,166,40.3855421686747,40.18513144011213,13.028080744716908,21.46979261597758,-0.35556522398943424,32.2700299065562,32.25926914712122,-0.20041072856256623,7.4177496592658905,119.02527637459207
521,174,33.747126436781606,26.319262674595514,12.167494895775663,19.085271578658446,0.45811724089113626,35.163522711330536,36.0549065372099,-7.427863762186096,7.388394513504892,95.13994730620777
531,102,36.13725490196079,36.63856761908417,11.956393846695958,18.728231575536512,0.43949183510118706,48.25545033795794,33.08606002069961,0.5013127171233943,6.261698596532883,60.31357787590916
525,147,50.61224489795919,50.281681242917664,10.883507298220657,16.501442706144324,0.7854371591882314,27.67696138028991,21.50370393600049,-0.33056365504152213,6.117328654492397,65.64106463760876
535,104,31.557692307692307,30.81486635212344,8.909876352459491,13.975540522887208,0.6389192048524654,33.36606698109731,28.233611842041046,-0.74282595556887,5.2152106119073505,58.18351668066708
534,156,20.26923076923077,19.235637782009153,6.848659785185503,11.321168894112194,0.7958900584613456,56.730613766017115,33.78845434816377,-1.0335929872216172,3.4491230601150353,46.67251657205611
526,168,19.63095238095238,16.251341188409057,6.483811432441417,9.72422567313152,0.580719338174936,39.69986405465381,33.028511845062404,-3.379611192543325,4.5168039189472475,45.296965078377546
290,1156,22.664359861591695,23.56110933523673,5.7227352219519165,24.86362925225657,0.911683411326855,199.54257942101776,25.249930979299297,0.8967494736450368,0.0027448657993662503,257.05722028463936
536,52,10.23076923076923,7.454591728235716,4.098562909402173,5.479956114209757,-0.27449932529115206,55.74285086258916,40.06114121972049,-2.776177502533515,2.8893615721233257,13.407671594337064
524,106,0.0,0.04301817745208804,0.04301817745208804,0.14496049025707503,0.0,,,0.04301817745208804,0.00404065972413165,0.8088516499136094
275,1445,0.0,0.032483062970423644,0.032483062970423644,0.06110352020087848,0.0,,,0.032483062970423644,0.0148450472684057,0.710094877546191
499,1156,0.0,0.022923473855907515,0.022923473855907515,0.049544110444052714,0.0,,,0.022923473855907515,0.004398640988656,0.3381962015969719
497,1734,0.0,0.022530339087925885,0.022530339087925885,0.047960836625015685,0.0,,,0.022530339087925885,0.00467818825726975,0.3381962015969719
517,973,0.0,0.02158135954534235,0.02158135954534235,0.046005692304321305,0.0,,,0.02158135954534235,0.0062724177926051,0.3005403111534512
500,578,0.0,0.021156133114275767,0.021156133114275767,0.048327793475587154,0.0,,,0.021156133114275767,0.0045411989935623,0.2785112005748765
515,780,0.0,0.02012494337710018,0.02012494337710018,0.04237078093177928,0.0,,,0.02012494337710018,0.0061935232850073,0.3381962015969719
478,895,0.0,0.0179114693206479,0.0179114693206479,0.04342385948477364,0.0,,,0.0179114693206479,0.0024117522165693,0.3136924560851067
518,556,0.0,0.012952310777884977,0.012952310777884977,0.02464927839352677,0.0,,,0.012952310777884977,0.0046366884547449,0.09375077138736
350,1445,0.0,0.012574189702982125,0.012574189702982125,0.021795757328045017,0.0,,,0.012574189702982125,0.0082461632190337,0.1140749655318677
367,2023,0.0,0.012404014359906314,0.012404014359906314,0.028905679224316666,0.0,,,0.012404014359906314,0.0020961618636295,0.1281953989379701
286,578,0.0,0.012021328489049046,0.012021328489049046,0.023455221319775156,0.0,,,0.012021328489049046,0.00691939359804075,0.102547775470935
349,1156,0.0,0.010176604578085021,0.010176604578085021,0.01937111543085902,0.0,,,0.010176604578085021,0.0067106337078986,0.1333977402159153
434,1734,0.0,0.008362349726727057,0.008362349726727057,0.020173382533192855,0.0,,,0.008362349726727057,0.0014274153215372,0.1104677574109202
312,867,0.0,0.00833951674202975,0.00833951674202975,0.03164798098280756,0.0,,,0.00833951674202975,0.000344788826248,0.3318178317364762
376,1445,0.0,0.007700958692817021,0.007700958692817021,0.01983388933716964,0.0,,,0.007700958692817021,0.0011214763839895,0.0769652290705954
378,1445,0.0,0.007700958692817021,0.007700958692817021,0.01983388933716964,0.0,,,0.007700958692817021,0.0011214763839895,0.0769652290705954
443,867,0.0,0.00765467260151704,0.00765467260151704,0.018996140314597107,0.0,,,0.00765467260151704,0.0013308720186504,0.0765748191250578
287,636,0.0,0.0072987468179317545,0.0072987468179317545,0.02022655090448472,0.0,,,0.0072987468179317545,0.0,0.0813850674888351
379,1156,0.0,0.006774737288471328,0.006774737288471328,0.0182237657038492,0.0,,,0.006774737288471328,0.00112808718270425,0.0769652290705954
381,1156,0.0,0.006774737288471328,0.006774737288471328,0.0182237657038492,0.0,,,0.006774737288471328,0.00112808718270425,0.0769652290705954
377,1156,0.0,0.006774737288471328,0.006774737288471328,0.0182237657038492,0.0,,,0.006774737288471328,0.00112808718270425,0.0769652290705954
402,1156,0.0,0.006743999931338566,0.006743999931338566,0.01820092265251987,0.0,,,0.006743999931338566,0.0010860689176418001,0.0768980139841456
342,578,0.0,0.005980656782527096,0.005980656782527096,0.0101590154607808,0.0,,,0.005980656782527096,0.00305179866033075,0.0654682723319375
313,867,0.0,0.005921896463831111,0.005921896463831111,0.012037035973031874,0.0,,,0.005921896463831111,0.0020866919692084,0.0895743766355704
300,867,0.0,0.005899773208112318,0.005899773208112318,0.010900091096914775,0.0,,,0.005899773208112318,0.0006971913634121,0.0690920652291906
323,674,0.0,0.005345446385267576,0.005345446385267576,0.00968728045269285,0.0,,,0.005345446385267576,0.00140106383535025,0.0629563822458614
375,867,0.0,0.004424861246286025,0.004424861246286025,0.006935681175490002,0.0,,,0.004424861246286025,0.0028313577786538,0.0292549820526064
326,578,0.0,0.004296284252389979,0.004296284252389979,0.008773982026898825,0.0,,,0.004296284252389979,0.0002009350781442,0.0563856370505836
299,578,0.0,0.003825103803066196,0.003825103803066196,0.007100753938943157,0.0,,,0.003825103803066196,0.0009265276902537,0.0525415999014904
285,867,0.0,0.0031946446389390336,0.0031946446389390336,0.00675003776877722,0.0,,,0.0031946446389390336,0.0,0.034505860239386
284,867,0.0,0.0030427154040081317,0.0030427154040081317,0.00651517890213854,0.0,,,0.0030427154040081317,0.0,0.0344404704398223
394,578,0.0,0.0016455869178134033,0.0016455869178134033,0.0028399081752206513,0.0,,,0.0016455869178134033,0.0006178515493078999,0.0161351383693528
393,578,0.0,0.0016455869178134033,0.0016455869178134033,0.0028399081752206513,0.0,,,0.0016455869178134033,0.0006178515493078999,0.0161351383693528
